<?xml version="1.0" encoding="UTF-8" standalone="yes"?>
<addon id="plugin.video.playlistRO" name="Playlist RO" version="1.1.7" provider-name="Polux">
  <requires>
    <import addon="xbmc.python" version="2.1.0"/>
  </requires>
  <extension point="xbmc.python.pluginsource" library="default.py">
        <provides>video</provides>
  </extension>
  <extension point="xbmc.addon.metadata">
    <summary lang="en">Playlist RO</summary>
    <description lang="en">Playlist RO - Playlist Loader clone cu liste romanesti</description>
    <platform>all</platform>
  </extension>
</addon>
